ONS Code,Region or Country,Road user type,Severity,2012,2013,2014,2015,2016,2017,2018,2019,2020,2021,,,,,,,,,,,,,
E12000001,North East,Pedestrians,Killed,22,21,21,11,11,23,21,18,15,7,,,,,,,,,,,,,
E12000002,North West,Pedestrians,Killed,47,42,46,54,70,52,54,60,51,54,,,,,,,,,,,,,
E12000003,Yorkshire and The Humber,Pedestrians,Killed,35,37,38,35,32,47,50,44,36,42,,,,,,,,,,,,,
E12000004,East Midlands,Pedestrians,Killed,22,15,26,26,32,40,36,49,22,30,,,,,,,,,,,,,
E12000005,West Midlands,Pedestrians,Killed,41,49,45,40,49,40,46,41,32,33,,,,,,,,,,,,,
E12000006,East of England,Pedestrians,Killed,31,30,40,39,41,44,40,38,21,30,,,,,,,,,,,,,
E12000007,London,Pedestrians,Killed,70,65,66,66,61,73,57,68,45,36,,,,,,,,,,,,,
E12000008,South East,Pedestrians,Killed,48,40,62,47,67,55,55,51,48,45,,,,,,,,,,,,,
E12000009,South West,Pedestrians,Killed,35,35,33,28,39,36,39,29,22,32,,,,,,,,,,,,,
E92000001,England,Pedestrians,Killed,351,334,377,346,402,410,398,398,292,309,,,,,,,,,,,,,
W92000004,Wales,Pedestrians,Killed,15,27,13,21,14,22,25,26,20,15,,,,,,,,,,,,,
S92000003,Scotland,Pedestrians,Killed,54,37,56,41,32,38,33,46,34,37,,,,,,,,,,,,,
K03000001,Great Britain,Pedestrians,Killed,420,398,446,408,448,470,456,470,346,361,,,,,,,,,,,,,
N92000002,Northern Ireland,Pedestrians,Killed,,7,18,19,15,15,16,17,6,8,,,,,,,,,,,,,
K02000001,United Kingdom,Pedestrians,Killed,,405,464,427,463,485,472,487,352,369,,,,,,,,,,,,,
E12000001,North East,Pedal cyclists,Killed,6,6,3,1,3,6,1,3,7,2,,,,,,,,,,,,,
E12000002,North West,Pedal cyclists,Killed,10,9,13,7,16,10,14,12,20,9,,,,,,,,,,,,,
E12000003,Yorkshire and The Humber,Pedal cyclists,Killed,11,7,7,8,11,10,4,14,13,10,,,,,,,,,,,,,
E12000004,East Midlands,Pedal cyclists,Killed,11,11,14,16,11,11,11,9,17,10,,,,,,,,,,,,,
E12000005,West Midlands,Pedal cyclists,Killed,7,8,11,12,8,11,9,7,13,3,,,,,,,,,,,,,
E12000006,East of England,Pedal cyclists,Killed,10,7,10,9,7,12,11,17,16,10,,,,,,,,,,,,,
E12000007,London,Pedal cyclists,Killed,14,14,13,9,8,10,12,5,6,10,,,,,,,,,,,,,
E12000008,South East,Pedal cyclists,Killed,19,14,21,17,18,17,19,13,24,26,,,,,,,,,,,,,
E12000009,South West,Pedal cyclists,Killed,17,15,8,14,9,5,9,6,8,14,,,,,,,,,,,,,
E92000001,England,Pedal cyclists,Killed,105,91,100,93,91,92,90,86,124,94,,,,,,,,,,,,,
W92000004,Wales,Pedal cyclists,Killed,4,5,5,2,3,4,3,6,6,7,,,,,,,,,,,,,
S92000003,Scotland,Pedal cyclists,Killed,9,13,8,5,8,5,6,8,11,10,,,,,,,,,,,,,
K03000001,Great Britain,Pedal cyclists,Killed,118,109,113,100,102,101,99,100,141,111,,,,,,,,,,,,,
N92000002,Northern Ireland,Pedal cyclists,Killed,,4,3,0,3,2,1,2,4,0,,,,,,,,,,,,,
K02000001,United Kingdom,Pedal cyclists,Killed,,113,116,100,105,103,100,102,145,111,,,,,,,,,,,,,
E12000001,North East,Motorcycle users,Killed,9,12,7,15,9,7,9,9,13,7,,,,,,,,,,,,,
E12000002,North West,Motorcycle users,Killed,40,26,36,37,26,25,39,28,25,32,,,,,,,,,,,,,
E12000003,Yorkshire and The Humber,Motorcycle users,Killed,22,40,29,33,23,30,40,47,32,29,,,,,,,,,,,,,
E12000004,East Midlands,Motorcycle users,Killed,29,29,31,52,47,39,33,39,18,35,,,,,,,,,,,,,
E12000005,West Midlands,Motorcycle users,Killed,34,23,22,34,23,36,37,32,14,30,,,,,,,,,,,,,
E12000006,East of England,Motorcycle users,Killed,40,39,39,34,33,29,24,24,39,22,,,,,,,,,,,,,
E12000007,London,Motorcycle users,Killed,27,22,27,36,33,31,22,31,31,14,,,,,,,,,,,,,
E12000008,South East,Motorcycle users,Killed,41,57,46,41,52,56,62,46,50,57,,,,,,,,,,,,,
E12000009,South West,Motorcycle users,Killed,39,43,43,31,21,44,38,33,30,35,,,,,,,,,,,,,
E92000001,England,Motorcycle users,Killed,281,291,280,313,267,297,304,289,252,261,,,,,,,,,,,,,
W92000004,Wales,Motorcycle users,Killed,26,17,28,25,22,23,17,22,17,19,,,,,,,,,,,,,
S92000003,Scotland,Motorcycle users,Killed,21,23,31,27,30,29,33,25,16,30,,,,,,,,,,,,,
K03000001,Great Britain,Motorcycle users,Killed,328,331,339,365,319,349,354,336,285,310,,,,,,,,,,,,,
N92000002,Northern Ireland,Motorcycle users,Killed,,10,14,4,5,9,7,3,9,14,,,,,,,,,,,,,
K02000001,United Kingdom,Motorcycle users,Killed,,341,353,369,324,358,361,339,294,324,,,,,,,,,,,,,
E12000001,North East,Car occupants,Killed,38,35,24,31,30,21,16,42,26,32,,,,,,,,,,,,,
E12000002,North West,Car occupants,Killed,61,60,78,67,67,69,80,81,56,87,,,,,,,,,,,,,
E12000003,Yorkshire and The Humber,Car occupants,Killed,70,73,79,65,67,68,81,78,58,70,,,,,,,,,,,,,
E12000004,East Midlands,Car occupants,Killed,96,80,92,73,89,81,101,84,74,63,,,,,,,,,,,,,
E12000005,West Midlands,Car occupants,Killed,86,69,72,64,66,96,69,56,43,58,,,,,,,,,,,,,
E12000006,East of England,Car occupants,Killed,99,92,90,97,114,105,81,91,82,92,,,,,,,,,,,,,
E12000007,London,Car occupants,Killed,21,26,20,21,10,14,18,17,12,10,,,,,,,,,,,,,
E12000008,South East,Car occupants,Killed,110,114,105,120,126,120,112,93,100,95,,,,,,,,,,,,,
E12000009,South West,Car occupants,Killed,105,88,86,94,85,95,88,80,67,77,,,,,,,,,,,,,
E92000001,England,Car occupants,Killed,686,637,646,632,654,669,646,622,518,584,,,,,,,,,,,,,
W92000004,Wales,Car occupants,Killed,43,56,56,50,53,53,53,39,26,38,,,,,,,,,,,,,
S92000003,Scotland,Car occupants,Killed,72,92,95,72,109,65,78,75,74,60,,,,,,,,,,,,,
K03000001,Great Britain,Car occupants,Killed,801,785,797,754,816,787,777,736,618,682,,,,,,,,,,,,,
N92000002,Northern Ireland,Car occupants,Killed,,32,42,46,41,36,30,32,33,,,,,,,,,,,,,,
K02000001,United Kingdom,Car occupants,Killed,,817,839,800,857,823,807,768,651,,,,,,,,,,,,,,
E12000001,North East,Pedestrians,KSI (unadjusted),271,238,209,241,224,221,257,272,172,198,,,,,,,,,,,,,
E12000002,North West,Pedestrians,KSI (unadjusted),797,748,777,737,792,718,781,732,458,665,,,,,,,,,,,,,
E12000003,Yorkshire and The Humber,Pedestrians,KSI (unadjusted),618,533,571,517,514,612,639,562,426,533,,,,,,,,,,,,,
E12000004,East Midlands,Pedestrians,KSI (unadjusted),374,325,375,355,326,369,389,393,274,331,,,,,,,,,,,,,
E12000005,West Midlands,Pedestrians,KSI (unadjusted),519,499,491,548,560,517,563,535,405,419,,,,,,,,,,,,,
E12000006,East of England,Pedestrians,KSI (unadjusted),440,371,418,401,468,503,483,517,348,406,,,,,,,,,,,,,
E12000007,London,Pedestrians,KSI (unadjusted),"1,124",839,781,732,876,"1,409","1,368","1,349",865,962,,,,,,,,,,,,,
E12000008,South East,Pedestrians,KSI (unadjusted),740,720,783,788,753,714,748,722,558,640,,,,,,,,,,,,,
E12000009,South West,Pedestrians,KSI (unadjusted),382,416,371,349,386,372,381,363,233,303,,,,,,,,,,,,,
E92000001,England,Pedestrians,KSI (unadjusted),"5,265","4,689","4,776","4,668","4,899","5,435","5,609","5,445","3,739","4,457",,,,,,,,,,,,,
W92000004,Wales,Pedestrians,KSI (unadjusted),203,260,249,207,199,189,206,227,155,161,,,,,,,,,,,,,
S92000003,Scotland,Pedestrians,KSI (unadjusted),510,439,479,462,429,414,395,528,357,340,,,,,,,,,,,,,
K03000001,Great Britain,Pedestrians,KSI (unadjusted),"5,978","5,388","5,504","5,337","5,527","6,038","6,210","6,200","4,251","4,958",,,,,,,,,,,,,
N92000002,Northern Ireland,Pedestrians,KSI (unadjusted),,169,158,183,179,190,151,176,124,156,,,,,,,,,,,,,
K02000001,United Kingdom,Pedestrians,KSI (unadjusted),,"5,557","5,662","5,520","5,706","6,228","6,361","6,376","4,375","5,114",,,,,,,,,,,,,
E12000001,North East,Pedal cyclists,KSI (unadjusted),101,101,111,120,111,123,92,116,129,113,,,,,,,,,,,,,
E12000002,North West,Pedal cyclists,KSI (unadjusted),374,396,448,382,403,432,411,361,389,434,,,,,,,,,,,,,
E12000003,Yorkshire and The Humber,Pedal cyclists,KSI (unadjusted),310,340,356,337,341,380,361,394,339,345,,,,,,,,,,,,,
E12000004,East Midlands,Pedal cyclists,KSI (unadjusted),238,227,260,218,212,242,234,219,262,254,,,,,,,,,,,,,
E12000005,West Midlands,Pedal cyclists,KSI (unadjusted),197,192,204,212,282,255,241,214,239,235,,,,,,,,,,,,,
E12000006,East of England,Pedal cyclists,KSI (unadjusted),290,290,293,321,377,359,395,404,359,372,,,,,,,,,,,,,
E12000007,London,Pedal cyclists,KSI (unadjusted),673,489,433,387,454,684,783,778,870,999,,,,,,,,,,,,,
E12000008,South East,Pedal cyclists,KSI (unadjusted),626,706,818,765,777,717,742,694,781,693,,,,,,,,,,,,,
E12000009,South West,Pedal cyclists,KSI (unadjusted),269,241,287,303,246,294,268,262,249,269,,,,,,,,,,,,,
E92000001,England,Pedal cyclists,KSI (unadjusted),"3,078","2,982","3,210","3,045","3,203","3,486","3,527","3,442","3,617","3,714",,,,,,,,,,,,,
W92000004,Wales,Pedal cyclists,KSI (unadjusted),84,100,138,123,115,112,103,127,97,96,,,,,,,,,,,,,
S92000003,Scotland,Pedal cyclists,KSI (unadjusted),176,163,164,169,155,176,162,187,255,205,,,,,,,,,,,,,
K03000001,Great Britain,Pedal cyclists,KSI (unadjusted),"3,338","3,245","3,512","3,337","3,473","3,774","3,792","3,756","3,969","4,015",,,,,,,,,,,,,
N92000002,Northern Ireland,Pedal cyclists,KSI (unadjusted),,46,62,40,64,52,47,59,49,64,,,,,,,,,,,,,
K02000001,United Kingdom,Pedal cyclists,KSI (unadjusted),"3,338","3,291","3,574","3,377","3,537","3,826","3,839","3,815","4,018","4,079",,,,,,,,,,,,,
E12000001,North East,Motorcycle users,KSI (unadjusted),157,173,142,186,169,169,157,173,147,154,,,,,,,,,,,,,
E12000002,North West,Motorcycle users,KSI (unadjusted),611,586,677,578,628,592,561,469,388,446,,,,,,,,,,,,,
E12000003,Yorkshire and The Humber,Motorcycle users,KSI (unadjusted),530,546,523,495,539,516,514,466,348,454,,,,,,,,,,,,,
E12000004,East Midlands,Motorcycle users,KSI (unadjusted),439,416,473,432,440,428,413,436,340,378,,,,,,,,,,,,,
E12000005,West Midlands,Motorcycle users,KSI (unadjusted),379,394,419,440,477,424,407,395,285,349,,,,,,,,,,,,,
E12000006,East of England,Motorcycle users,KSI (unadjusted),560,561,610,570,670,576,541,530,486,489,,,,,,,,,,,,,
E12000007,London,Motorcycle users,KSI (unadjusted),630,511,526,540,681,"1,099","1,084","1,021",767,927,,,,,,,,,,,,,
E12000008,South East,Motorcycle users,KSI (unadjusted),953,999,"1,107","1,094","1,169","1,060","1,055","1,011",787,946,,,,,,,,,,,,,
E12000009,South West,Motorcycle users,KSI (unadjusted),493,459,511,512,516,497,534,519,406,482,,,,,,,,,,,,,
E92000001,England,Motorcycle users,KSI (unadjusted),"4,752","4,645","4,988","4,847","5,289","5,361","5,266","5,020","3,954","4,625",,,,,,,,,,,,,
W92000004,Wales,Motorcycle users,KSI (unadjusted),213,246,282,273,254,252,240,247,190,225,,,,,,,,,,,,,
S92000003,Scotland,Motorcycle users,KSI (unadjusted),363,303,350,283,298,310,315,303,261,312,,,,,,,,,,,,,
K03000001,Great Britain,Motorcycle users,KSI (unadjusted),"5,328","5,194","5,620","5,403","5,841","5,923","5,821","5,570","4,405","5,162",,,,,,,,,,,,,
N92000002,Northern Ireland,Motorcycle users,KSI (unadjusted),,106,102,88,96,97,113,93,96,106,,,,,,,,,,,,,
K02000001,United Kingdom,Motorcycle users,KSI (unadjusted),"5,328","5,300","5,722","5,491","5,937","6,020","5,934","5,663","4,501","5,268",,,,,,,,,,,,,
E12000001,North East,Car occupants,KSI (unadjusted),333,254,301,324,337,368,352,412,249,361,,,,,,,,,,,,,
E12000002,North West,Car occupants,KSI (unadjusted),881,833,968,969,892,926,853,"1,141",886,"1,107",,,,,,,,,,,,,
E12000003,Yorkshire and The Humber,Car occupants,KSI (unadjusted),858,858,830,779,938,"1,045","1,168","1,039",822,"1,166",,,,,,,,,,,,,
E12000004,East Midlands,Car occupants,KSI (unadjusted),936,827,866,794,860,820,859,923,707,733,,,,,,,,,,,,,
E12000005,West Midlands,Car occupants,KSI (unadjusted),748,645,724,784,913,901,823,797,607,799,,,,,,,,,,,,,
E12000006,East of England,Car occupants,KSI (unadjusted),"1,062","1,013",945,958,"1,229","1,232","1,253","1,234",976,"1,119",,,,,,,,,,,,,
E12000007,London,Car occupants,KSI (unadjusted),471,359,331,335,395,541,679,606,433,482,,,,,,,,,,,,,
E12000008,South East,Car occupants,KSI (unadjusted),"1,459","1,489","1,644","1,499","1,748","1,584","1,797","1,767","1,511","1,532",,,,,,,,,,,,,
E12000009,South West,Car occupants,KSI (unadjusted),851,794,868,907,945,921,887,871,651,762,,,,,,,,,,,,,
E92000001,England,Car occupants,KSI (unadjusted),"7,599","7,072","7,477","7,349","8,257","8,338","8,671","8,790","6,842","8,061",,,,,,,,,,,,,
W92000004,Wales,Car occupants,KSI (unadjusted),494,494,542,524,494,469,534,531,341,467,,,,,,,,,,,,,
S92000003,Scotland,Car occupants,KSI (unadjusted),938,837,790,725,883,738,755,"1,033",701,784,,,,,,,,,,,,,
K03000001,Great Britain,Car occupants,KSI (unadjusted),"9,031","8,403","8,809","8,598","9,634","9,545","9,960","10,354","7,884","9,312",,,,,,,,,,,,,
N92000002,Northern Ireland,Car occupants,KSI (unadjusted),,409,429,436,525,468,427,451,344,,,,,,,,,,,,,,
K02000001,United Kingdom,Car occupants,KSI (unadjusted),"9,031","8,812","9,238","9,034","10,159","10,013","10,387","10,805","8,228","9,312",,,,,,,,,,,,,
E12000001,North East,Pedestrians,KSI (adjusted),353,317,283,309,251,234,272,286,183,210,,,,,,,,,,,,,
E12000002,North West,Pedestrians,KSI (adjusted),"1,153","1,084","1,100","1,034","1,081","1,026","1,091",928,581,747,,,,,,,,,,,,,
E12000003,Yorkshire and The Humber,Pedestrians,KSI (adjusted),872,748,808,768,636,714,743,661,494,558,,,,,,,,,,,,,
E12000004,East Midlands,Pedestrians,KSI (adjusted),522,457,523,504,466,502,525,536,372,444,,,,,,,,,,,,,
E12000005,West Midlands,Pedestrians,KSI (adjusted),621,596,593,602,560,517,563,535,405,419,,,,,,,,,,,,,
E12000006,East of England,Pedestrians,KSI (adjusted),563,485,534,494,476,503,483,517,348,406,,,,,,,,,,,,,
E12000007,London,Pedestrians,KSI (adjusted),"1,655","1,380","1,366","1,282","1,279","1,409","1,368","1,349",865,962,,,,,,,,,,,,,
E12000008,South East,Pedestrians,KSI (adjusted),923,905,978,974,872,833,866,827,630,725,,,,,,,,,,,,,
E12000009,South West,Pedestrians,KSI (adjusted),471,501,451,435,459,446,450,431,284,363,,,,,,,,,,,,,
E92000001,England,Pedestrians,KSI (adjusted),"7,133","6,473","6,636","6,401","6,081","6,184","6,360","6,072","4,162","4,834",,,,,,,,,,,,,
W92000004,Wales,Pedestrians,KSI (adjusted),294,352,330,286,278,263,274,301,203,219,,,,,,,,,,,,,
S92000003,Scotland,Pedestrians,KSI (adjusted),862,762,792,770,746,660,619,625,357,340,,,,,,,,,,,,,
K03000001,Great Britain,Pedestrians,KSI (adjusted),"8,290","7,588","7,758","7,458","7,105","7,106","7,252","6,998","4,722","5,393",,,,,,,,,,,,,
N92000002,Northern Ireland,Pedestrians,KSI (adjusted),,,,,,,,,,,,,,,,,,,,,,,
K02000001,United Kingdom,Pedestrians,KSI (adjusted),,,,,,,,,,,,,,,,,,,,,,,
E12000001,North East,Pedal cyclists,KSI (adjusted),148,151,163,171,128,134,104,129,141,127,,,,,,,,,,,,,
E12000002,North West,Pedal cyclists,KSI (adjusted),577,596,675,563,570,625,596,487,504,517,,,,,,,,,,,,,
E12000003,Yorkshire and The Humber,Pedal cyclists,KSI (adjusted),455,490,529,490,430,463,434,460,407,371,,,,,,,,,,,,,
E12000004,East Midlands,Pedal cyclists,KSI (adjusted),336,325,377,327,314,339,329,316,353,356,,,,,,,,,,,,,
E12000005,West Midlands,Pedal cyclists,KSI (adjusted),262,261,278,253,282,255,241,214,239,235,,,,,,,,,,,,,
E12000006,East of England,Pedal cyclists,KSI (adjusted),375,384,402,404,385,359,395,404,359,372,,,,,,,,,,,,,
E12000007,London,Pedal cyclists,KSI (adjusted),"1,053",881,874,760,742,684,783,778,870,999,,,,,,,,,,,,,
E12000008,South East,Pedal cyclists,KSI (adjusted),782,883,"1,016",943,921,855,878,817,898,804,,,,,,,,,,,,,
E12000009,South West,Pedal cyclists,KSI (adjusted),343,321,373,379,317,363,341,335,316,343,,,,,,,,,,,,,
E92000001,England,Pedal cyclists,KSI (adjusted),"4,332","4,291","4,687","4,291","4,089","4,078","4,101","3,940","4,087","4,124",,,,,,,,,,,,,
W92000004,Wales,Pedal cyclists,KSI (adjusted),122,140,182,165,152,154,142,164,134,135,,,,,,,,,,,,,
S92000003,Scotland,Pedal cyclists,KSI (adjusted),325,314,317,306,300,303,276,244,255,205,,,,,,,,,,,,,
K03000001,Great Britain,Pedal cyclists,KSI (adjusted),"4,779","4,745","5,187","4,762","4,542","4,535","4,519","4,347","4,476","4,464",,,,,,,,,,,,,
N92000002,Northern Ireland,Pedal cyclists,KSI (adjusted),,,,,,,,,,,,,,,,,,,,,,,
K02000001,United Kingdom,Pedal cyclists,KSI (adjusted),,,,,,,,,,,,,,,,,,,,,,,
E12000001,North East,Motorcycle users,KSI (adjusted),203,216,186,231,177,174,162,178,151,158,,,,,,,,,,,,,
E12000002,North West,Motorcycle users,KSI (adjusted),823,782,876,771,790,745,699,536,446,487,,,,,,,,,,,,,
E12000003,Yorkshire and The Humber,Motorcycle users,KSI (adjusted),685,702,680,661,621,587,584,525,398,488,,,,,,,,,,,,,
E12000004,East Midlands,Motorcycle users,KSI (adjusted),578,551,613,569,565,538,521,537,425,476,,,,,,,,,,,,,
E12000005,West Midlands,Motorcycle users,KSI (adjusted),484,494,532,496,477,424,407,396,285,349,,,,,,,,,,,,,
E12000006,East of England,Motorcycle users,KSI (adjusted),685,696,759,696,677,576,541,531,486,489,,,,,,,,,,,,,
E12000007,London,Motorcycle users,KSI (adjusted),"1,160","1,025","1,115","1,151","1,120","1,099","1,084","1,021",767,927,,,,,,,,,,,,,
E12000008,South East,Motorcycle users,KSI (adjusted),"1,172","1,205","1,326","1,321","1,322","1,196","1,190","1,124",883,"1,054",,,,,,,,,,,,,
E12000009,South West,Motorcycle users,KSI (adjusted),587,555,612,598,598,581,608,598,463,553,,,,,,,,,,,,,
E92000001,England,Motorcycle users,KSI (adjusted),"6,377","6,227","6,699","6,494","6,347","5,920","5,795","5,444","4,303","4,982",,,,,,,,,,,,,
W92000004,Wales,Motorcycle users,KSI (adjusted),275,316,355,341,322,312,298,312,234,280,,,,,,,,,,,,,
S92000003,Scotland,Motorcycle users,KSI (adjusted),520,447,496,428,429,414,423,345,261,312,,,,,,,,,,,,,
K03000001,Great Britain,Motorcycle users,KSI (adjusted),"7,172","6,990","7,551","7,264","7,099","6,646","6,516","6,101","4,798","5,574",,,,,,,,,,,,,
N92000002,Northern Ireland,Motorcycle users,KSI (adjusted),,,,,,,,,,,,,,,,,,,,,,,
K02000001,United Kingdom,Motorcycle users,KSI (adjusted),,,,,,,,,,,,,,,,,,,,,,,
E12000001,North East,Car occupants,KSI (adjusted),501,400,477,505,385,393,373,436,270,386,,,,,,,,,,,,,
E12000002,North West,Car occupants,KSI (adjusted),"1,517","1,422","1,607","1,573","1,377","1,421","1,362","1,429","1,089","1,222",,,,,,,,,,,,,
E12000003,Yorkshire and The Humber,Car occupants,KSI (adjusted),"1,400","1,328","1,353","1,301","1,178","1,263","1,364","1,212",956,"1,239",,,,,,,,,,,,,
E12000004,East Midlands,Car occupants,KSI (adjusted),"1,356","1,251","1,285","1,212","1,242","1,151","1,197","1,260",978,"1,044",,,,,,,,,,,,,
E12000005,West Midlands,Car occupants,KSI (adjusted),"1,054",932,"1,025",967,913,901,823,798,607,799,,,,,,,,,,,,,
E12000006,East of England,Car occupants,KSI (adjusted),"1,441","1,365","1,326","1,271","1,254","1,232","1,253","1,235",976,"1,119",,,,,,,,,,,,,
E12000007,London,Car occupants,KSI (adjusted),803,642,650,640,647,541,679,606,433,482,,,,,,,,,,,,,
E12000008,South East,Car occupants,KSI (adjusted),"2,043","2,028","2,203","2,042","2,124","1,922","2,123","2,050","1,732","1,767",,,,,,,,,,,,,
E12000009,South West,Car occupants,KSI (adjusted),"1,061","1,007","1,089","1,125","1,161","1,115","1,051","1,051",777,903,,,,,,,,,,,,,
E92000001,England,Car occupants,KSI (adjusted),"11,176","10,375","11,015","10,637","10,280","9,940","10,225","10,075","7,819","8,961",,,,,,,,,,,,,
W92000004,Wales,Car occupants,KSI (adjusted),743,728,787,762,723,678,737,736,472,639,,,,,,,,,,,,,
S92000003,Scotland,Car occupants,KSI (adjusted),"1,724","1,556","1,489","1,433","1,562","1,333","1,299","1,282",701,784,,,,,,,,,,,,,
K03000001,Great Britain,Car occupants,KSI (adjusted),"13,643","12,659","13,291","12,832","12,565","11,952","12,261","12,093","8,992","10,384",,,,,,,,,,,,,
N92000002,Northern Ireland,Car occupants,KSI (adjusted),,,,,,,,,,,,,,,,,,,,,,,
K02000001,United Kingdom,Car occupants,KSI (adjusted),,,,,,,,,,,,,,,,,,,,,,,
E12000001,North East,Pedestrians,All casualties,"1,014",962,874,842,852,788,812,811,569,626,,,,,,,,,,,,,
E12000002,North West,Pedestrians,All casualties,"3,156","2,909","2,832","2,628","2,720","2,733","2,746","2,466","1,579","2,015",,,,,,,,,,,,,
E12000003,Yorkshire and The Humber,Pedestrians,All casualties,"2,404","2,172","2,286","2,334","2,190","2,097","1,996","1,844","1,333","1,686",,,,,,,,,,,,,
E12000004,East Midlands,Pedestrians,All casualties,"1,680","1,531","1,659","1,620","1,483","1,434","1,444","1,488",987,"1,152",,,,,,,,,,,,,
E12000005,West Midlands,Pedestrians,All casualties,"2,092","2,076","2,183","2,237","2,093","2,035","1,914","1,950","1,379","1,438",,,,,,,,,,,,,
E12000006,East of England,Pedestrians,All casualties,"1,881","1,700","1,828","1,721","1,719","1,732","1,613","1,567","1,137","1,243",,,,,,,,,,,,,
E12000007,London,Pedestrians,All casualties,"5,272","5,186","5,617","5,388","5,552","6,638","5,767","5,664","3,675","3,840",,,,,,,,,,,,,
E12000008,South East,Pedestrians,All casualties,"2,950","2,926","3,172","3,117","2,917","2,698","2,704","2,545","1,820","2,188",,,,,,,,,,,,,
E12000009,South West,Pedestrians,All casualties,"1,813","1,775","1,636","1,638","1,567","1,551","1,476","1,439","1,014","1,178",,,,,,,,,,,,,
E92000001,England,Pedestrians,All casualties,"22,262","21,237","22,087","21,525","21,093","21,706","20,472","19,774","13,493","15,366",,,,,,,,,,,,,
W92000004,Wales,Pedestrians,All casualties,"1,007","1,052",922,848,794,739,713,753,458,518,,,,,,,,,,,,,
S92000003,Scotland,Pedestrians,All casualties,"1,949","1,744","1,739","1,688","1,663","1,360","1,247","1,243",799,770,,,,,,,,,,,,,
K03000001,Great Britain,Pedestrians,All casualties,"25,218","24,033","24,748","24,061","23,550","23,805","22,432","21,770","14,750","16,654",,,,,,,,,,,,,
N92000002,Northern Ireland,Pedestrians,All casualties,,779,769,787,731,729,687,638,483,535,,,,,,,,,,,,,
K02000001,United Kingdom,Pedestrians,All casualties,,"24,812","25,517","24,848","24,281","24,534","23,119","22,408","15,233","17,189",,,,,,,,,,,,,
E12000001,North East,Pedal cyclists,All casualties,610,619,650,628,537,516,484,501,525,454,,,,,,,,,,,,,
E12000002,North West,Pedal cyclists,All casualties,"1,966","1,901","2,161","1,659","1,697","1,913","1,793","1,610","1,524","1,661",,,,,,,,,,,,,
E12000003,Yorkshire and The Humber,Pedal cyclists,All casualties,"1,676","1,766","1,917","1,742","1,756","1,726","1,571","1,549","1,417","1,300",,,,,,,,,,,,,
E12000004,East Midlands,Pedal cyclists,All casualties,"1,275","1,256","1,417","1,290","1,172","1,104","1,046","1,034",967,"1,004",,,,,,,,,,,,,
E12000005,West Midlands,Pedal cyclists,All casualties,"1,248","1,264","1,383","1,263","1,273","1,228","1,061","1,022",889,923,,,,,,,,,,,,,
E12000006,East of England,Pedal cyclists,All casualties,"1,706","1,752","1,894","1,703","1,778","1,675","1,529","1,463","1,318","1,240",,,,,,,,,,,,,
E12000007,London,Pedal cyclists,All casualties,"4,619","4,625","5,150","4,477","4,426","4,506","4,756","4,630","4,791","5,283",,,,,,,,,,,,,
E12000008,South East,Pedal cyclists,All casualties,"3,059","3,336","3,605","3,251","3,231","3,043","2,816","2,665","2,629","2,399",,,,,,,,,,,,,
E12000009,South West,Pedal cyclists,All casualties,"1,560","1,537","1,656","1,528","1,372","1,435","1,442","1,434","1,262","1,319",,,,,,,,,,,,,
E92000001,England,Pedal cyclists,All casualties,"17,719","18,056","19,833","17,541","17,242","17,146","16,498","15,908","15,322","15,583",,,,,,,,,,,,,
W92000004,Wales,Pedal cyclists,All casualties,474,496,567,509,446,446,416,410,372,363,,,,,,,,,,,,,
S92000003,Scotland,Pedal cyclists,All casualties,898,886,887,794,789,729,636,565,600,512,,,,,,,,,,,,,
K03000001,Great Britain,Pedal cyclists,All casualties,"19,091","19,438","21,287","18,844","18,477","18,321","17,550","16,883","16,294","16,458",,,,,,,,,,,,,
N92000002,Northern Ireland,Pedal cyclists,All casualties,,256,334,279,331,319,287,290,256,282,,,,,,,,,,,,,
K02000001,United Kingdom,Pedal cyclists,All casualties,,"19,694","21,621","19,123","18,808","18,640","17,837","17,173","16,550","16,740",,,,,,,,,,,,,
E12000001,North East,Motorcycle users,All casualties,493,492,452,494,410,363,331,335,268,310,,,,,,,,,,,,,
E12000002,North West,Motorcycle users,All casualties,"1,796","1,646","1,770","1,598","1,564","1,457","1,327","1,074",882,975,,,,,,,,,,,,,
E12000003,Yorkshire and The Humber,Motorcycle users,All casualties,"1,527","1,547","1,529","1,507","1,436","1,293","1,210","1,097",835,"1,056",,,,,,,,,,,,,
E12000004,East Midlands,Motorcycle users,All casualties,"1,396","1,319","1,397","1,335","1,229","1,105","1,051","1,002",812,906,,,,,,,,,,,,,
E12000005,West Midlands,Motorcycle users,All casualties,"1,366","1,328","1,463","1,385","1,283","1,139",952,879,670,751,,,,,,,,,,,,,
E12000006,East of England,Motorcycle users,All casualties,"1,786","1,748","1,915","1,771","1,828","1,537","1,379","1,279","1,082","1,187",,,,,,,,,,,,,
E12000007,London,Motorcycle users,All casualties,"4,653","4,508","5,237","5,449","5,259","5,567","5,126","5,409","5,016","6,007",,,,,,,,,,,,,
E12000008,South East,Motorcycle users,All casualties,"3,111","3,030","3,295","3,356","3,301","2,903","2,768","2,584","2,085","2,351",,,,,,,,,,,,,
E12000009,South West,Motorcycle users,All casualties,"1,691","1,676","1,739","1,603","1,615","1,463","1,475","1,451","1,121","1,334",,,,,,,,,,,,,
E92000001,England,Motorcycle users,All casualties,"17,819","17,294","18,797","18,498","17,925","16,827","15,619","15,110","12,771","14,877",,,,,,,,,,,,,
W92000004,Wales,Motorcycle users,All casualties,627,685,749,693,662,595,560,595,413,500,,,,,,,,,,,,,
S92000003,Scotland,Motorcycle users,All casualties,864,773,820,736,710,620,639,519,420,461,,,,,,,,,,,,,
K03000001,Great Britain,Motorcycle users,All casualties,"19,310","18,752","20,366","19,927","19,297","18,042","16,818","16,224","13,604","15,838",,,,,,,,,,,,,
N92000002,Northern Ireland,Motorcycle users,All casualties,,327,301,294,295,289,307,284,218,291,,,,,,,,,,,,,
K02000001,United Kingdom,Motorcycle users,All casualties,,"19,079","20,667","20,221","19,592","18,331","17,125","16,508","13,822","16,129",,,,,,,,,,,,,
E12000001,North East,Car occupants,All casualties,"4,893","4,294","4,780","4,732","4,001","3,381","3,150","3,042","2,057","2,255",,,,,,,,,,,,,
E12000002,North West,Car occupants,All casualties,"13,609","11,949","12,763","11,511","10,498","10,657","10,336","9,516","6,696","7,543",,,,,,,,,,,,,
E12000003,Yorkshire and The Humber,Car occupants,All casualties,"11,861","10,754","11,135","11,114","10,786","9,132","8,288","7,594","5,788","7,040",,,,,,,,,,,,,
E12000004,East Midlands,Car occupants,All casualties,"10,173","9,649","9,611","9,099","8,426","7,110","6,954","6,762","5,171","5,589",,,,,,,,,,,,,
E12000005,West Midlands,Car occupants,All casualties,"10,717","10,220","11,035","11,454","11,252","9,823","9,004","8,606","6,025","6,879",,,,,,,,,,,,,
E12000006,East of England,Car occupants,All casualties,"12,420","11,118","12,219","11,207","11,932","11,150","10,714","9,846","7,260","7,889",,,,,,,,,,,,,
E12000007,London,Car occupants,All casualties,"12,298","10,784","12,494","12,677","12,747","13,325","12,813","12,479","9,464","9,740",,,,,,,,,,,,,
E12000008,South East,Car occupants,All casualties,"19,937","18,889","19,484","18,486","18,420","16,918","15,733","14,964","10,947","11,750",,,,,,,,,,,,,
E12000009,South West,Car occupants,All casualties,"10,003","9,331","9,540","9,375","9,465","8,616","8,041","8,099","5,772","6,416",,,,,,,,,,,,,
E92000001,England,Car occupants,All casualties,"105,911","96,988","103,061","99,655","97,527","90,112","85,033","80,908","59,180","65,101",,,,,,,,,,,,,
W92000004,Wales,Car occupants,All casualties,"5,986","5,633","5,511","5,161","4,632","4,085","3,751","3,709","2,253","2,660",,,,,,,,,,,,,
S92000003,Scotland,Car occupants,All casualties,"7,811","7,166","6,958","6,862","6,887","5,885","5,195","4,714","2,822","2,994",,,,,,,,,,,,,
K03000001,Great Britain,Car occupants,All casualties,"119,708","109,787","115,530","111,678","109,046","100,082","93,979","89,331","64,255","70,755",,,,,,,,,,,,,
N92000002,Northern Ireland,Car occupants,All casualties,,"7,182","7,416","7,813","7,636","7,309","6,830","7,025","5,079",,,,,,,,,,,,,,
K02000001,United Kingdom,Car occupants,All casualties,,"116,969","122,946","119,491","116,682","107,391","100,809","96,356","69,334",,,,,,,,,,,,,,
,,,,,,,,,,,,,,,,,,,,,,,,,,
,,,,,,,,,,,,,,,,,,,,,,,,,,
,,,,,,,,,,,,,,,,,,,,,,,,,,
,,,,,,,,,,,,,,,,,,,,,,,,,,
,,,,,,,,,,,,,,,,,,,,,,,,,,
,,,,,,,,,,,,,,,,,,,,,,,,,,
,,,,,,,,,,,,,,,,,,,,,,,,,,
,,,,,,,,,,,,,,,,,,,,,,,,,,
,,,,,,,,,,,,,,,,,,,,,,,,,,
,,,,,,,,,,,,,,,,,,,,,,,,,,
,,,,,,,,,,,,,,,,,,,,,,,,,,
,,,,,,,,,,,,,,,,,,,,,,,,,,
,,,,,,,,,,,,,,,,,,,,,,,,,,
,,,,,,,,,,,,,,,,,,,,,,,,,,
,,,,,,,,,,,,,,,,,,,,,,,,,,
,,,,,,,,,,,,,,,,,,,,,,,,,,
,,,,,,,,,,,,,,,,,,,,,,,,,,
,,,,,,,,,,,,,,,,,,,,,,,,,,
,,,,,,,,,,,,,,,,,,,,,,,,,,
,,,,,,,,,,,,,,,,,,,,,,,,,,
,,,,,,,,,,,,,,,,,,,,,,,,,,
,,,,,,,,,,,,,,,,,,,,,,,,,,
,,,,,,,,,,,,,,,,,,,,,,,,,,
,,,,,,,,,,,,,,,,,,,,,,,,,,
,,,,,,,,,,,,,,,,,,,,,,,,,,
,,,,,,,,,,,,,,,,,,,,,,,,,,
,,,,,,,,,,,,,,,,,,,,,,,,,,
,,,,,,,,,,,,,,,,,,,,,,,,,,
,,,,,,,,,,,,,,,,,,,,,,,,,,
,,,,,,,,,,,,,,,,,,,,,,,,,,
,,,,,,,,,,,,,,,,,,,,,,,,,,
,,,,,,,,,,,,,,,,,,,,,,,,,,
,,,,,,,,,,,,,,,,,,,,,,,,,,
,,,,,,,,,,,,,,,,,,,,,,,,,,
,,,,,,,,,,,,,,,,,,,,,,,,,,
,,,,,,,,,,,,,,,,,,,,,,,,,,
,,,,,,,,,,,,,,,,,,,,,,,,,,
,,,,,,,,,,,,,,,,,,,,,,,,,,
,,,,,,,,,,,,,,,,,,,,,,,,,,
,,,,,,,,,,,,,,,,,,,,,,,,,,
,,,,,,,,,,,,,,,,,,,,,,,,,,
,,,,,,,,,,,,,,,,,,,,,,,,,,
,,,,,,,,,,,,,,,,,,,,,,,,,,
,,,,,,,,,,,,,,,,,,,,,,,,,,
,,,,,,,,,,,,,,,,,,,,,,,,,,
,,,,,,,,,,,,,,,,,,,,,,,,,,
,,,,,,,,,,,,,,,,,,,,,,,,,,
,,,,,,,,,,,,,,,,,,,,,,,,,,
,,,,,,,,,,,,,,,,,,,,,,,,,,
,,,,,,,,,,,,,,,,,,,,,,,,,,
,,,,,,,,,,,,,,,,,,,,,,,,,,
,,,,,,,,,,,,,,,,,,,,,,,,,,
,,,,,,,,,,,,,,,,,,,,,,,,,,
,,,,,,,,,,,,,,,,,,,,,,,,,,
,,,,,,,,,,,,,,,,,,,,,,,,,,
,,,,,,,,,,,,,,,,,,,,,,,,,,
,,,,,,,,,,,,,,,,,,,,,,,,,,
,,,,,,,,,,,,,,,,,,,,,,,,,,
,,,,,,,,,,,,,,,,,,,,,,,,,,
,,,,,,,,,,,,,,,,,,,,,,,,,,
,,,,,,,,,,,,,,,,,,,,,,,,,,
,,,,,,,,,,,,,,,,,,,,,,,,,,
,,,,,,,,,,,,,,,,,,,,,,,,,,
,,,,,,,,,,,,,,,,,,,,,,,,,,
,,,,,,,,,,,,,,,,,,,,,,,,,,
,,,,,,,,,,,,,,,,,,,,,,,,,,
,,,,,,,,,,,,,,,,,,,,,,,,,,
,,,,,,,,,,,,,,,,,,,,,,,,,,
,,,,,,,,,,,,,,,,,,,,,,,,,,
,,,,,,,,,,,,,,,,,,,,,,,,,,
,,,,,,,,,,,,,,,,,,,,,,,,,,
,,,,,,,,,,,,,,,,,,,,,,,,,,
,,,,,,,,,,,,,,,,,,,,,,,,,,
,,,,,,,,,,,,,,,,,,,,,,,,,,
,,,,,,,,,,,,,,,,,,,,,,,,,,
,,,,,,,,,,,,,,,,,,,,,,,,,,
,,,,,,,,,,,,,,,,,,,,,,,,,,
,,,,,,,,,,,,,,,,,,,,,,,,,,
,,,,,,,,,,,,,,,,,,,,,,,,,,
,,,,,,,,,,,,,,,,,,,,,,,,,,
,,,,,,,,,,,,,,,,,,,,,,,,,,
,,,,,,,,,,,,,,,,,,,,,,,,,,
,,,,,,,,,,,,,,,,,,,,,,,,,,
,,,,,,,,,,,,,,,,,,,,,,,,,,
,,,,,,,,,,,,,,,,,,,,,,,,,,
,,,,,,,,,,,,,,,,,,,,,,,,,,
,,,,,,,,,,,,,,,,,,,,,,,,,,
,,,,,,,,,,,,,,,,,,,,,,,,,,
,,,,,,,,,,,,,,,,,,,,,,,,,,
,,,,,,,,,,,,,,,,,,,,,,,,,,
,,,,,,,,,,,,,,,,,,,,,,,,,,
,,,,,,,,,,,,,,,,,,,,,,,,,,
,,,,,,,,,,,,,,,,,,,,,,,,,,
,,,,,,,,,,,,,,,,,,,,,,,,,,
,,,,,,,,,,,,,,,,,,,,,,,,,,
,,,,,,,,,,,,,,,,,,,,,,,,,,
,,,,,,,,,,,,,,,,,,,,,,,,,,
,,,,,,,,,,,,,,,,,,,,,,,,,,
,,,,,,,,,,,,,,,,,,,,,,,,,,
,,,,,,,,,,,,,,,,,,,,,,,,,,
,,,,,,,,,,,,,,,,,,,,,,,,,,
,,,,,,,,,,,,,,,,,,,,,,,,,,
,,,,,,,,,,,,,,,,,,,,,,,,,,
,,,,,,,,,,,,,,,,,,,,,,,,,,
,,,,,,,,,,,,,,,,,,,,,,,,,,
,,,,,,,,,,,,,,,,,,,,,,,,,,
,,,,,,,,,,,,,,,,,,,,,,,,,,
,,,,,,,,,,,,,,,,,,,,,,,,,,
,,,,,,,,,,,,,,,,,,,,,,,,,,
,,,,,,,,,,,,,,,,,,,,,,,,,,
,,,,,,,,,,,,,,,,,,,,,,,,,,
,,,,,,,,,,,,,,,,,,,,,,,,,,
,,,,,,,,,,,,,,,,,,,,,,,,,,
,,,,,,,,,,,,,,,,,,,,,,,,,,
,,,,,,,,,,,,,,,,,,,,,,,,,,
,,,,,,,,,,,,,,,,,,,,,,,,,,
,,,,,,,,,,,,,,,,,,,,,,,,,,
,,,,,,,,,,,,,,,,,,,,,,,,,,
,,,,,,,,,,,,,,,,,,,,,,,,,,
,,,,,,,,,,,,,,,,,,,,,,,,,,
,,,,,,,,,,,,,,,,,,,,,,,,,,
,,,,,,,,,,,,,,,,,,,,,,,,,,
,,,,,,,,,,,,,,,,,,,,,,,,,,
,,,,,,,,,,,,,,,,,,,,,,,,,,
,,,,,,,,,,,,,,,,,,,,,,,,,,
,,,,,,,,,,,,,,,,,,,,,,,,,,
,,,,,,,,,,,,,,,,,,,,,,,,,,
,,,,,,,,,,,,,,,,,,,,,,,,,,
,,,,,,,,,,,,,,,,,,,,,,,,,,
,,,,,,,,,,,,,,,,,,,,,,,,,,
,,,,,,,,,,,,,,,,,,,,,,,,,,
,,,,,,,,,,,,,,,,,,,,,,,,,,
,,,,,,,,,,,,,,,,,,,,,,,,,,
,,,,,,,,,,,,,,,,,,,,,,,,,,
,,,,,,,,,,,,,,,,,,,,,,,,,,
,,,,,,,,,,,,,,,,,,,,,,,,,,
,,,,,,,,,,,,,,,,,,,,,,,,,,
,,,,,,,,,,,,,,,,,,,,,,,,,,
,,,,,,,,,,,,,,,,,,,,,,,,,,
,,,,,,,,,,,,,,,,,,,,,,,,,,
,,,,,,,,,,,,,,,,,,,,,,,,,,
,,,,,,,,,,,,,,,,,,,,,,,,,,
,,,,,,,,,,,,,,,,,,,,,,,,,,
,,,,,,,,,,,,,,,,,,,,,,,,,,
,,,,,,,,,,,,,,,,,,,,,,,,,,
,,,,,,,,,,,,,,,,,,,,,,,,,,
,,,,,,,,,,,,,,,,,,,,,,,,,,
,,,,,,,,,,,,,,,,,,,,,,,,,,
,,,,,,,,,,,,,,,,,,,,,,,,,,
,,,,,,,,,,,,,,,,,,,,,,,,,,
,,,,,,,,,,,,,,,,,,,,,,,,,,
,,,,,,,,,,,,,,,,,,,,,,,,,,
,,,,,,,,,,,,,,,,,,,,,,,,,,
,,,,,,,,,,,,,,,,,,,,,,,,,,
,,,,,,,,,,,,,,,,,,,,,,,,,,
,,,,,,,,,,,,,,,,,,,,,,,,,,
,,,,,,,,,,,,,,,,,,,,,,,,,,
,,,,,,,,,,,,,,,,,,,,,,,,,,
,,,,,,,,,,,,,,,,,,,,,,,,,,
,,,,,,,,,,,,,,,,,,,,,,,,,,
,,,,,,,,,,,,,,,,,,,,,,,,,,
,,,,,,,,,,,,,,,,,,,,,,,,,,
,,,,,,,,,,,,,,,,,,,,,,,,,,
,,,,,,,,,,,,,,,,,,,,,,,,,,
,,,,,,,,,,,,,,,,,,,,,,,,,,
,,,,,,,,,,,,,,,,,,,,,,,,,,
,,,,,,,,,,,,,,,,,,,,,,,,,,
,,,,,,,,,,,,,,,,,,,,,,,,,,
,,,,,,,,,,,,,,,,,,,,,,,,,,
,,,,,,,,,,,,,,,,,,,,,,,,,,
,,,,,,,,,,,,,,,,,,,,,,,,,,
,,,,,,,,,,,,,,,,,,,,,,,,,,
,,,,,,,,,,,,,,,,,,,,,,,,,,
,,,,,,,,,,,,,,,,,,,,,,,,,,
,,,,,,,,,,,,,,,,,,,,,,,,,,
,,,,,,,,,,,,,,,,,,,,,,,,,,
,,,,,,,,,,,,,,,,,,,,,,,,,,
,,,,,,,,,,,,,,,,,,,,,,,,,,
,,,,,,,,,,,,,,,,,,,,,,,,,,
,,,,,,,,,,,,,,,,,,,,,,,,,,
,,,,,,,,,,,,,,,,,,,,,,,,,,
,,,,,,,,,,,,,,,,,,,,,,,,,,
,,,,,,,,,,,,,,,,,,,,,,,,,,
,,,,,,,,,,,,,,,,,,,,,,,,,,
,,,,,,,,,,,,,,,,,,,,,,,,,,
,,,,,,,,,,,,,,,,,,,,,,,,,,
,,,,,,,,,,,,,,,,,,,,,,,,,,
,,,,,,,,,,,,,,,,,,,,,,,,,,
,,,,,,,,,,,,,,,,,,,,,,,,,,
,,,,,,,,,,,,,,,,,,,,,,,,,,
,,,,,,,,,,,,,,,,,,,,,,,,,,
,,,,,,,,,,,,,,,,,,,,,,,,,,
,,,,,,,,,,,,,,,,,,,,,,,,,,
,,,,,,,,,,,,,,,,,,,,,,,,,,
,,,,,,,,,,,,,,,,,,,,,,,,,,
,,,,,,,,,,,,,,,,,,,,,,,,,,
,,,,,,,,,,,,,,,,,,,,,,,,,,
,,,,,,,,,,,,,,,,,,,,,,,,,,
,,,,,,,,,,,,,,,,,,,,,,,,,,
,,,,,,,,,,,,,,,,,,,,,,,,,,
,,,,,,,,,,,,,,,,,,,,,,,,,,
,,,,,,,,,,,,,,,,,,,,,,,,,,
,,,,,,,,,,,,,,,,,,,,,,,,,,
,,,,,,,,,,,,,,,,,,,,,,,,,,
,,,,,,,,,,,,,,,,,,,,,,,,,,
,,,,,,,,,,,,,,,,,,,,,,,,,,
,,,,,,,,,,,,,,,,,,,,,,,,,,
,,,,,,,,,,,,,,,,,,,,,,,,,,
,,,,,,,,,,,,,,,,,,,,,,,,,,
,,,,,,,,,,,,,,,,,,,,,,,,,,
,,,,,,,,,,,,,,,,,,,,,,,,,,
,,,,,,,,,,,,,,,,,,,,,,,,,,
,,,,,,,,,,,,,,,,,,,,,,,,,,
,,,,,,,,,,,,,,,,,,,,,,,,,,
,,,,,,,,,,,,,,,,,,,,,,,,,,
,,,,,,,,,,,,,,,,,,,,,,,,,,
,,,,,,,,,,,,,,,,,,,,,,,,,,
,,,,,,,,,,,,,,,,,,,,,,,,,,
,,,,,,,,,,,,,,,,,,,,,,,,,,
,,,,,,,,,,,,,,,,,,,,,,,,,,
,,,,,,,,,,,,,,,,,,,,,,,,,,
,,,,,,,,,,,,,,,,,,,,,,,,,,
,,,,,,,,,,,,,,,,,,,,,,,,,,
,,,,,,,,,,,,,,,,,,,,,,,,,,
,,,,,,,,,,,,,,,,,,,,,,,,,,
,,,,,,,,,,,,,,,,,,,,,,,,,,
,,,,,,,,,,,,,,,,,,,,,,,,,,
,,,,,,,,,,,,,,,,,,,,,,,,,,
,,,,,,,,,,,,,,,,,,,,,,,,,,
,,,,,,,,,,,,,,,,,,,,,,,,,,
,,,,,,,,,,,,,,,,,,,,,,,,,,
,,,,,,,,,,,,,,,,,,,,,,,,,,
,,,,,,,,,,,,,,,,,,,,,,,,,,
,,,,,,,,,,,,,,,,,,,,,,,,,,
,,,,,,,,,,,,,,,,,,,,,,,,,,
,,,,,,,,,,,,,,,,,,,,,,,,,,
,,,,,,,,,,,,,,,,,,,,,,,,,,
,,,,,,,,,,,,,,,,,,,,,,,,,,
,,,,,,,,,,,,,,,,,,,,,,,,,,
,,,,,,,,,,,,,,,,,,,,,,,,,,
,,,,,,,,,,,,,,,,,,,,,,,,,,
,,,,,,,,,,,,,,,,,,,,,,,,,,
